round,raceName,circuit,date,driver,driverCode,constructor,grid,position,points,status,laps,time,fastestLap,qualyPosition,grid_diff,total_points_x,total_wins_x,total_podiums_x,ewma_points,position_inverted,ewma_position,track_mean_points,track_std_points,track_races,track_mean_position,track_std_position,track_mean_grid,track_mean_quali,track_consistency,track_quali_performance,races_completed,mean_points_per_race,std_points_per_race,total_points_y,mean_position,std_position,best_position,worst_position,mean_grid,std_grid,mean_quali_position,std_quali_position,mean_grid_diff,std_grid_diff,total_wins_y,total_podiums_y,position_consistency,quali_consistency,grid_consistency,win_rate,podium_rate,recent_form_score,track_advantage,qualifying_advantage,weather_impact,is_winner,is_podium,is_points
1,Bahrain Grand Prix,Bahrain,2025-03-02,Alexander Albon,ALB,Williams,17,18,0,Finished,54,2:38:05,0.0,18,-1,48,0,1,0.0,3,3.0,0.0,0.0,1,18.0,0.0,17.0,18.0,0.0,3.0,8,0.0,0.0,0,18.0,0.0,18,18,17.5,1.0690449676496978,18.0,0.0,-0.5,1.0690449676496976,0,1,1.0,1.0,0.48331477354788266,0.0,0.125,0.0,0.0,-15.0,1.0,0,0,0
2,Saudi Arabian Grand Prix,Saudi Arabian,2025-03-09,Alexander Albon,ALB,Williams,17,18,0,Finished,54,2:38:23,0.0,18,-1,48,0,1,0.0,3,3.0,0.0,0.0,1,18.0,0.0,17.0,18.0,0.0,3.0,8,0.0,0.0,0,18.0,0.0,18,18,17.5,1.0690449676496978,18.0,0.0,-0.5,1.0690449676496976,0,1,1.0,1.0,0.48331477354788266,0.0,0.125,0.0,0.0,-15.0,1.0,0,0,0
3,Australian Grand Prix,Australian,2025-03-23,Alexander Albon,ALB,Williams,17,18,0,Finished,54,2:38:35,0.0,18,-1,48,0,1,0.0,3,3.0,0.0,0.0,1,18.0,0.0,17.0,18.0,0.0,3.0,8,0.0,0.0,0,18.0,0.0,18,18,17.5,1.0690449676496978,18.0,0.0,-0.5,1.0690449676496976,0,1,1.0,1.0,0.48331477354788266,0.0,0.125,0.0,0.0,-15.0,1.0,0,0,0
4,Japanese Grand Prix,Japanese,2025-04-06,Alexander Albon,ALB,Williams,16,18,0,Finished,47,2:38:55,0.0,18,-2,48,0,1,0.0,3,3.0,0.0,0.0,1,18.0,0.0,16.0,18.0,0.0,3.0,8,0.0,0.0,0,18.0,0.0,18,18,17.5,1.0690449676496978,18.0,0.0,-0.5,1.0690449676496976,0,1,1.0,1.0,0.48331477354788266,0.0,0.125,0.0,0.0,-15.0,1.0,0,0,0
5,Chinese Grand Prix,Chinese,2025-04-20,Alexander Albon,ALB,Williams,19,18,0,Finished,46,2:38:23,0.0,18,1,48,0,1,0.0,3,3.0,0.0,0.0,1,18.0,0.0,19.0,18.0,0.0,3.0,8,0.0,0.0,0,18.0,0.0,18,18,17.5,1.0690449676496978,18.0,0.0,-0.5,1.0690449676496976,0,1,1.0,1.0,0.48331477354788266,0.0,0.125,0.0,0.0,-15.0,1.0,0,0,0
6,Miami Grand Prix,Miami,2025-05-04,Alexander Albon,ALB,Williams,19,18,0,Finished,47,2:38:45,0.0,18,1,48,0,1,0.0,3,3.0,0.0,0.0,1,18.0,0.0,19.0,18.0,0.0,3.0,8,0.0,0.0,0,18.0,0.0,18,18,17.5,1.0690449676496978,18.0,0.0,-0.5,1.0690449676496976,0,1,1.0,1.0,0.48331477354788266,0.0,0.125,0.0,0.0,-15.0,1.0,0,0,0
7,Emilia Romagna Grand Prix,Emilia Romagna,2025-05-18,Alexander Albon,ALB,Williams,17,18,0,Finished,51,2:38:32,1.0,18,-1,48,0,1,0.0,3,3.0,0.0,0.0,1,18.0,0.0,17.0,18.0,0.0,3.0,8,0.0,0.0,0,18.0,0.0,18,18,17.5,1.0690449676496978,18.0,0.0,-0.5,1.0690449676496976,0,1,1.0,1.0,0.48331477354788266,0.0,0.125,0.0,0.0,-15.0,1.0,0,0,0
8,Monaco Grand Prix,Monaco,2025-05-25,Alexander Albon,ALB,Williams,18,18,0,Finished,51,2:38:39,0.0,18,0,48,0,1,0.0,3,3.0,0.0,0.0,1,18.0,0.0,18.0,18.0,0.0,3.0,8,0.0,0.0,0,18.0,0.0,18,18,17.5,1.0690449676496978,18.0,0.0,-0.5,1.0690449676496976,0,1,1.0,1.0,0.48331477354788266,0.0,0.125,0.0,0.0,-15.0,1.0,0,0,0
1,Bahrain Grand Prix,Bahrain,2025-03-02,Carlos Sainz,SAI,Kick Sauber,6,7,6,Finished,52,1:37:25,0.0,7,-1,114,0,1,6.0,14,14.0,6.0,0.0,1,7.0,0.0,6.0,7.0,0.0,14.0,8,6.0,0.0,48,7.0,0.0,7,7,6.25,1.3887301496588274,7.0,0.0,-0.75,1.3887301496588271,0,1,1.0,1.0,0.4186324688633523,0.0,0.125,84.0,0.0,7.0,1.0,0,0,1
2,Saudi Arabian Grand Prix,Saudi Arabian,2025-03-09,Carlos Sainz,SAI,Kick Sauber,5,7,6,Finished,46,1:37:08,0.0,7,-2,114,0,1,6.0,14,14.0,6.0,0.0,1,7.0,0.0,5.0,7.0,0.0,14.0,8,6.0,0.0,48,7.0,0.0,7,7,6.25,1.3887301496588274,7.0,0.0,-0.75,1.3887301496588271,0,1,1.0,1.0,0.4186324688633523,0.0,0.125,84.0,0.0,7.0,1.0,0,0,1
3,Australian Grand Prix,Australian,2025-03-23,Carlos Sainz,SAI,Kick Sauber,9,7,6,Finished,52,1:37:19,0.0,7,2,114,0,1,6.0,14,14.0,6.0,0.0,1,7.0,0.0,9.0,7.0,0.0,14.0,8,6.0,0.0,48,7.0,0.0,7,7,6.25,1.3887301496588274,7.0,0.0,-0.75,1.3887301496588271,0,1,1.0,1.0,0.4186324688633523,0.0,0.125,84.0,0.0,7.0,1.0,0,0,1
4,Japanese Grand Prix,Japanese,2025-04-06,Carlos Sainz,SAI,Kick Sauber,6,7,6,Finished,46,1:37:05,0.0,7,-1,114,0,1,6.0,14,14.0,6.0,0.0,1,7.0,0.0,6.0,7.0,0.0,14.0,8,6.0,0.0,48,7.0,0.0,7,7,6.25,1.3887301496588274,7.0,0.0,-0.75,1.3887301496588271,0,1,1.0,1.0,0.4186324688633523,0.0,0.125,84.0,0.0,7.0,1.0,0,0,1
5,Chinese Grand Prix,Chinese,2025-04-20,Carlos Sainz,SAI,Kick Sauber,5,7,6,Finished,50,1:37:08,0.0,7,-2,114,0,1,6.0,14,14.0,6.0,0.0,1,7.0,0.0,5.0,7.0,0.0,14.0,8,6.0,0.0,48,7.0,0.0,7,7,6.25,1.3887301496588274,7.0,0.0,-0.75,1.3887301496588271,0,1,1.0,1.0,0.4186324688633523,0.0,0.125,84.0,0.0,7.0,1.0,0,0,1
6,Miami Grand Prix,Miami,2025-05-04,Carlos Sainz,SAI,Kick Sauber,7,7,6,Finished,47,1:37:27,0.0,7,0,114,0,1,6.0,14,14.0,6.0,0.0,1,7.0,0.0,7.0,7.0,0.0,14.0,8,6.0,0.0,48,7.0,0.0,7,7,6.25,1.3887301496588274,7.0,0.0,-0.75,1.3887301496588271,0,1,1.0,1.0,0.4186324688633523,0.0,0.125,84.0,0.0,7.0,1.0,0,0,1
7,Emilia Romagna Grand Prix,Emilia Romagna,2025-05-18,Carlos Sainz,SAI,Kick Sauber,5,7,6,Finished,47,1:37:57,0.0,7,-2,114,0,1,6.0,14,14.0,6.0,0.0,1,7.0,0.0,5.0,7.0,0.0,14.0,8,6.0,0.0,48,7.0,0.0,7,7,6.25,1.3887301496588274,7.0,0.0,-0.75,1.3887301496588271,0,1,1.0,1.0,0.4186324688633523,0.0,0.125,84.0,0.0,7.0,1.0,0,0,1
8,Monaco Grand Prix,Monaco,2025-05-25,Carlos Sainz,SAI,Kick Sauber,7,7,6,Finished,47,1:37:45,0.0,7,0,114,0,1,6.0,14,14.0,6.0,0.0,1,7.0,0.0,7.0,7.0,0.0,14.0,8,6.0,0.0,48,7.0,0.0,7,7,6.25,1.3887301496588274,7.0,0.0,-0.75,1.3887301496588271,0,1,1.0,1.0,0.4186324688633523,0.0,0.125,84.0,0.0,7.0,1.0,0,0,1
1,Bahrain Grand Prix,Bahrain,2025-03-02,Charles Leclerc,LEC,Ferrari,2,4,12,Finished,46,1:34:31,0.0,4,-2,159,0,2,12.0,17,17.0,12.0,0.0,1,4.0,0.0,2.0,4.0,0.0,17.0,8,12.0,0.0,96,4.0,0.0,4,4,3.75,1.5811388300841898,4.0,0.0,-0.25,1.5811388300841898,0,2,1.0,1.0,0.38742588672279304,0.0,0.25,204.0,0.0,13.0,1.0,0,0,1
2,Saudi Arabian Grand Prix,Saudi Arabian,2025-03-09,Charles Leclerc,LEC,Ferrari,2,4,12,Finished,47,1:34:52,0.0,4,-2,159,0,2,12.0,17,17.0,12.0,0.0,1,4.0,0.0,2.0,4.0,0.0,17.0,8,12.0,0.0,96,4.0,0.0,4,4,3.75,1.5811388300841898,4.0,0.0,-0.25,1.5811388300841898,0,2,1.0,1.0,0.38742588672279304,0.0,0.25,204.0,0.0,13.0,1.0,0,0,1
3,Australian Grand Prix,Australian,2025-03-23,Charles Leclerc,LEC,Ferrari,5,4,12,Finished,54,1:34:07,0.0,4,1,159,0,2,12.0,17,17.0,12.0,0.0,1,4.0,0.0,5.0,4.0,0.0,17.0,8,12.0,0.0,96,4.0,0.0,4,4,3.75,1.5811388300841898,4.0,0.0,-0.25,1.5811388300841898,0,2,1.0,1.0,0.38742588672279304,0.0,0.25,204.0,0.0,13.0,1.0,0,0,1
4,Japanese Grand Prix,Japanese,2025-04-06,Charles Leclerc,LEC,Ferrari,4,4,12,Finished,52,1:34:14,0.0,4,0,159,0,2,12.0,17,17.0,12.0,0.0,1,4.0,0.0,4.0,4.0,0.0,17.0,8,12.0,0.0,96,4.0,0.0,4,4,3.75,1.5811388300841898,4.0,0.0,-0.25,1.5811388300841898,0,2,1.0,1.0,0.38742588672279304,0.0,0.25,204.0,0.0,13.0,1.0,0,0,1
5,Chinese Grand Prix,Chinese,2025-04-20,Charles Leclerc,LEC,Ferrari,2,4,12,Finished,50,1:34:22,0.0,4,-2,159,0,2,12.0,17,17.0,12.0,0.0,1,4.0,0.0,2.0,4.0,0.0,17.0,8,12.0,0.0,96,4.0,0.0,4,4,3.75,1.5811388300841898,4.0,0.0,-0.25,1.5811388300841898,0,2,1.0,1.0,0.38742588672279304,0.0,0.25,204.0,0.0,13.0,1.0,0,0,1
6,Miami Grand Prix,Miami,2025-05-04,Charles Leclerc,LEC,Ferrari,4,4,12,Finished,51,1:34:36,0.0,4,0,159,0,2,12.0,17,17.0,12.0,0.0,1,4.0,0.0,4.0,4.0,0.0,17.0,8,12.0,0.0,96,4.0,0.0,4,4,3.75,1.5811388300841898,4.0,0.0,-0.25,1.5811388300841898,0,2,1.0,1.0,0.38742588672279304,0.0,0.25,204.0,0.0,13.0,1.0,0,0,1
7,Emilia Romagna Grand Prix,Emilia Romagna,2025-05-18,Charles Leclerc,LEC,Ferrari,6,4,12,Finished,49,1:34:58,0.0,4,2,159,0,2,12.0,17,17.0,12.0,0.0,1,4.0,0.0,6.0,4.0,0.0,17.0,8,12.0,0.0,96,4.0,0.0,4,4,3.75,1.5811388300841898,4.0,0.0,-0.25,1.5811388300841898,0,2,1.0,1.0,0.38742588672279304,0.0,0.25,204.0,0.0,13.0,1.0,0,0,1
8,Monaco Grand Prix,Monaco,2025-05-25,Charles Leclerc,LEC,Ferrari,5,4,12,Finished,53,1:34:29,0.0,4,1,159,0,2,12.0,17,17.0,12.0,0.0,1,4.0,0.0,5.0,4.0,0.0,17.0,8,12.0,0.0,96,4.0,0.0,4,4,3.75,1.5811388300841898,4.0,0.0,-0.25,1.5811388300841898,0,2,1.0,1.0,0.38742588672279304,0.0,0.25,204.0,0.0,13.0,1.0,0,0,1
1,Bahrain Grand Prix,Bahrain,2025-03-02,Daniel Ricciardo,RIC,Racing Bulls,19,17,0,Finished,51,2:37:30,0.0,17,2,54,0,1,0.0,4,4.0,0.0,0.0,1,17.0,0.0,19.0,17.0,0.0,4.0,8,0.0,0.0,0,17.0,0.0,17,17,17.5,1.511857892036909,17.0,0.0,0.5,1.5118578920369088,0,1,1.0,1.0,0.39811169380648465,0.0,0.125,0.0,0.0,-13.0,1.0,0,0,0
2,Saudi Arabian Grand Prix,Saudi Arabian,2025-03-09,Daniel Ricciardo,RIC,Racing Bulls,16,17,0,Finished,47,2:37:44,1.0,17,-1,54,0,1,0.0,4,4.0,0.0,0.0,1,17.0,0.0,16.0,17.0,0.0,4.0,8,0.0,0.0,0,17.0,0.0,17,17,17.5,1.511857892036909,17.0,0.0,0.5,1.5118578920369088,0,1,1.0,1.0,0.39811169380648465,0.0,0.125,0.0,0.0,-13.0,1.0,0,0,0
3,Australian Grand Prix,Australian,2025-03-23,Daniel Ricciardo,RIC,Racing Bulls,17,17,0,Finished,53,2:37:54,0.0,17,0,54,0,1,0.0,4,4.0,0.0,0.0,1,17.0,0.0,17.0,17.0,0.0,4.0,8,0.0,0.0,0,17.0,0.0,17,17,17.5,1.511857892036909,17.0,0.0,0.5,1.5118578920369088,0,1,1.0,1.0,0.39811169380648465,0.0,0.125,0.0,0.0,-13.0,1.0,0,0,0
4,Japanese Grand Prix,Japanese,2025-04-06,Daniel Ricciardo,RIC,Racing Bulls,18,17,0,Finished,46,2:37:03,0.0,17,1,54,0,1,0.0,4,4.0,0.0,0.0,1,17.0,0.0,18.0,17.0,0.0,4.0,8,0.0,0.0,0,17.0,0.0,17,17,17.5,1.511857892036909,17.0,0.0,0.5,1.5118578920369088,0,1,1.0,1.0,0.39811169380648465,0.0,0.125,0.0,0.0,-13.0,1.0,0,0,0
5,Chinese Grand Prix,Chinese,2025-04-20,Daniel Ricciardo,RIC,Racing Bulls,19,17,0,Finished,51,2:37:54,0.0,17,2,54,0,1,0.0,4,4.0,0.0,0.0,1,17.0,0.0,19.0,17.0,0.0,4.0,8,0.0,0.0,0,17.0,0.0,17,17,17.5,1.511857892036909,17.0,0.0,0.5,1.5118578920369088,0,1,1.0,1.0,0.39811169380648465,0.0,0.125,0.0,0.0,-13.0,1.0,0,0,0
6,Miami Grand Prix,Miami,2025-05-04,Daniel Ricciardo,RIC,Racing Bulls,19,17,0,Finished,52,2:37:53,0.0,17,2,54,0,1,0.0,4,4.0,0.0,0.0,1,17.0,0.0,19.0,17.0,0.0,4.0,8,0.0,0.0,0,17.0,0.0,17,17,17.5,1.511857892036909,17.0,0.0,0.5,1.5118578920369088,0,1,1.0,1.0,0.39811169380648465,0.0,0.125,0.0,0.0,-13.0,1.0,0,0,0
7,Emilia Romagna Grand Prix,Emilia Romagna,2025-05-18,Daniel Ricciardo,RIC,Racing Bulls,15,17,0,Finished,50,2:37:38,0.0,17,-2,54,0,1,0.0,4,4.0,0.0,0.0,1,17.0,0.0,15.0,17.0,0.0,4.0,8,0.0,0.0,0,17.0,0.0,17,17,17.5,1.511857892036909,17.0,0.0,0.5,1.5118578920369088,0,1,1.0,1.0,0.39811169380648465,0.0,0.125,0.0,0.0,-13.0,1.0,0,0,0
8,Monaco Grand Prix,Monaco,2025-05-25,Daniel Ricciardo,RIC,Racing Bulls,17,17,0,Finished,52,2:37:59,0.0,17,0,54,0,1,0.0,4,4.0,0.0,0.0,1,17.0,0.0,17.0,17.0,0.0,4.0,8,0.0,0.0,0,17.0,0.0,17,17,17.5,1.511857892036909,17.0,0.0,0.5,1.5118578920369088,0,1,1.0,1.0,0.39811169380648465,0.0,0.125,0.0,0.0,-13.0,1.0,0,0,0
1,Bahrain Grand Prix,Bahrain,2025-03-02,Esteban Ocon,OCO,Alpine,10,11,0,Finished,51,2:31:16,1.0,11,-1,90,0,1,0.0,10,10.0,0.0,0.0,1,11.0,0.0,10.0,11.0,0.0,10.0,8,0.0,0.0,0,11.0,0.0,11,11,11.0,1.5118578920369088,11.0,0.0,0.0,1.5118578920369088,0,1,1.0,1.0,0.3981116938064847,0.0,0.125,0.0,0.0,-1.0,1.0,0,0,0
2,Saudi Arabian Grand Prix,Saudi Arabian,2025-03-09,Esteban Ocon,OCO,Alpine,13,11,0,Finished,47,2:31:04,0.0,11,2,90,0,1,0.0,10,10.0,0.0,0.0,1,11.0,0.0,13.0,11.0,0.0,10.0,8,0.0,0.0,0,11.0,0.0,11,11,11.0,1.5118578920369088,11.0,0.0,0.0,1.5118578920369088,0,1,1.0,1.0,0.3981116938064847,0.0,0.125,0.0,0.0,-1.0,1.0,0,0,0
3,Australian Grand Prix,Australian,2025-03-23,Esteban Ocon,OCO,Alpine,10,11,0,Finished,47,2:31:30,0.0,11,-1,90,0,1,0.0,10,10.0,0.0,0.0,1,11.0,0.0,10.0,11.0,0.0,10.0,8,0.0,0.0,0,11.0,0.0,11,11,11.0,1.5118578920369088,11.0,0.0,0.0,1.5118578920369088,0,1,1.0,1.0,0.3981116938064847,0.0,0.125,0.0,0.0,-1.0,1.0,0,0,0
4,Japanese Grand Prix,Japanese,2025-04-06,Esteban Ocon,OCO,Alpine,10,11,0,Finished,52,2:31:02,0.0,11,-1,90,0,1,0.0,10,10.0,0.0,0.0,1,11.0,0.0,10.0,11.0,0.0,10.0,8,0.0,0.0,0,11.0,0.0,11,11,11.0,1.5118578920369088,11.0,0.0,0.0,1.5118578920369088,0,1,1.0,1.0,0.3981116938064847,0.0,0.125,0.0,0.0,-1.0,1.0,0,0,0
5,Chinese Grand Prix,Chinese,2025-04-20,Esteban Ocon,OCO,Alpine,13,11,0,Finished,54,2:31:55,0.0,11,2,90,0,1,0.0,10,10.0,0.0,0.0,1,11.0,0.0,13.0,11.0,0.0,10.0,8,0.0,0.0,0,11.0,0.0,11,11,11.0,1.5118578920369088,11.0,0.0,0.0,1.5118578920369088,0,1,1.0,1.0,0.3981116938064847,0.0,0.125,0.0,0.0,-1.0,1.0,0,0,0
6,Miami Grand Prix,Miami,2025-05-04,Esteban Ocon,OCO,Alpine,12,11,0,Finished,47,2:31:26,0.0,11,1,90,0,1,0.0,10,10.0,0.0,0.0,1,11.0,0.0,12.0,11.0,0.0,10.0,8,0.0,0.0,0,11.0,0.0,11,11,11.0,1.5118578920369088,11.0,0.0,0.0,1.5118578920369088,0,1,1.0,1.0,0.3981116938064847,0.0,0.125,0.0,0.0,-1.0,1.0,0,0,0
7,Emilia Romagna Grand Prix,Emilia Romagna,2025-05-18,Esteban Ocon,OCO,Alpine,9,11,0,Finished,45,2:31:49,0.0,11,-2,90,0,1,0.0,10,10.0,0.0,0.0,1,11.0,0.0,9.0,11.0,0.0,10.0,8,0.0,0.0,0,11.0,0.0,11,11,11.0,1.5118578920369088,11.0,0.0,0.0,1.5118578920369088,0,1,1.0,1.0,0.3981116938064847,0.0,0.125,0.0,0.0,-1.0,1.0,0,0,0
8,Monaco Grand Prix,Monaco,2025-05-25,Esteban Ocon,OCO,Alpine,11,11,0,Finished,50,2:31:17,0.0,11,0,90,0,1,0.0,10,10.0,0.0,0.0,1,11.0,0.0,11.0,11.0,0.0,10.0,8,0.0,0.0,0,11.0,0.0,11,11,11.0,1.5118578920369088,11.0,0.0,0.0,1.5118578920369088,0,1,1.0,1.0,0.3981116938064847,0.0,0.125,0.0,0.0,-1.0,1.0,0,0,0
1,Bahrain Grand Prix,Bahrain,2025-03-02,Fernando Alonso,ALO,Aston Martin,7,8,4,Finished,55,1:38:54,0.0,8,-1,108,0,1,4.0,13,13.0,4.0,0.0,1,8.0,0.0,7.0,8.0,0.0,13.0,8,4.0,0.0,32,8.0,0.0,8,8,7.625,1.3024701806293193,8.0,0.0,-0.375,1.3024701806293193,0,1,1.0,1.0,0.43431615680107377,0.0,0.125,52.0,0.0,5.0,1.0,0,0,1
2,Saudi Arabian Grand Prix,Saudi Arabian,2025-03-09,Fernando Alonso,ALO,Aston Martin,9,8,4,Finished,49,1:38:39,0.0,8,1,108,0,1,4.0,13,13.0,4.0,0.0,1,8.0,0.0,9.0,8.0,0.0,13.0,8,4.0,0.0,32,8.0,0.0,8,8,7.625,1.3024701806293193,8.0,0.0,-0.375,1.3024701806293193,0,1,1.0,1.0,0.43431615680107377,0.0,0.125,52.0,0.0,5.0,1.0,0,0,1
3,Australian Grand Prix,Australian,2025-03-23,Fernando Alonso,ALO,Aston Martin,9,8,4,Finished,49,1:38:29,0.0,8,1,108,0,1,4.0,13,13.0,4.0,0.0,1,8.0,0.0,9.0,8.0,0.0,13.0,8,4.0,0.0,32,8.0,0.0,8,8,7.625,1.3024701806293193,8.0,0.0,-0.375,1.3024701806293193,0,1,1.0,1.0,0.43431615680107377,0.0,0.125,52.0,0.0,5.0,1.0,0,0,1
4,Japanese Grand Prix,Japanese,2025-04-06,Fernando Alonso,ALO,Aston Martin,6,8,4,Finished,50,1:38:49,0.0,8,-2,108,0,1,4.0,13,13.0,4.0,0.0,1,8.0,0.0,6.0,8.0,0.0,13.0,8,4.0,0.0,32,8.0,0.0,8,8,7.625,1.3024701806293193,8.0,0.0,-0.375,1.3024701806293193,0,1,1.0,1.0,0.43431615680107377,0.0,0.125,52.0,0.0,5.0,1.0,0,0,1
5,Chinese Grand Prix,Chinese,2025-04-20,Fernando Alonso,ALO,Aston Martin,8,8,4,Finished,52,1:38:20,0.0,8,0,108,0,1,4.0,13,13.0,4.0,0.0,1,8.0,0.0,8.0,8.0,0.0,13.0,8,4.0,0.0,32,8.0,0.0,8,8,7.625,1.3024701806293193,8.0,0.0,-0.375,1.3024701806293193,0,1,1.0,1.0,0.43431615680107377,0.0,0.125,52.0,0.0,5.0,1.0,0,0,1
6,Miami Grand Prix,Miami,2025-05-04,Fernando Alonso,ALO,Aston Martin,6,8,4,Finished,45,1:38:59,0.0,8,-2,108,0,1,4.0,13,13.0,4.0,0.0,1,8.0,0.0,6.0,8.0,0.0,13.0,8,4.0,0.0,32,8.0,0.0,8,8,7.625,1.3024701806293193,8.0,0.0,-0.375,1.3024701806293193,0,1,1.0,1.0,0.43431615680107377,0.0,0.125,52.0,0.0,5.0,1.0,0,0,1
7,Emilia Romagna Grand Prix,Emilia Romagna,2025-05-18,Fernando Alonso,ALO,Aston Martin,7,8,4,Finished,52,1:38:02,0.0,8,-1,108,0,1,4.0,13,13.0,4.0,0.0,1,8.0,0.0,7.0,8.0,0.0,13.0,8,4.0,0.0,32,8.0,0.0,8,8,7.625,1.3024701806293193,8.0,0.0,-0.375,1.3024701806293193,0,1,1.0,1.0,0.43431615680107377,0.0,0.125,52.0,0.0,5.0,1.0,0,0,1
8,Monaco Grand Prix,Monaco,2025-05-25,Fernando Alonso,ALO,Aston Martin,9,8,4,Finished,48,1:38:21,0.0,8,1,108,0,1,4.0,13,13.0,4.0,0.0,1,8.0,0.0,9.0,8.0,0.0,13.0,8,4.0,0.0,32,8.0,0.0,8,8,7.625,1.3024701806293193,8.0,0.0,-0.375,1.3024701806293193,0,1,1.0,1.0,0.43431615680107377,0.0,0.125,52.0,0.0,5.0,1.0,0,0,1
1,Bahrain Grand Prix,Bahrain,2025-03-02,George Russell,RUS,Mercedes,6,5,10,Finished,46,1:35:13,0.0,5,1,126,0,3,10.0,16,16.0,10.0,0.0,1,5.0,0.0,6.0,5.0,0.0,16.0,8,10.0,0.0,80,5.0,0.0,5,5,4.625,1.5059406173077154,5.0,0.0,-0.375,1.5059406173077154,0,3,1.0,1.0,0.3990517544962262,0.0,0.375,160.0,0.0,11.0,1.0,0,0,1
2,Saudi Arabian Grand Prix,Saudi Arabian,2025-03-09,George Russell,RUS,Mercedes,4,5,10,Finished,53,1:35:59,0.0,5,-1,126,0,3,10.0,16,16.0,10.0,0.0,1,5.0,0.0,4.0,5.0,0.0,16.0,8,10.0,0.0,80,5.0,0.0,5,5,4.625,1.5059406173077154,5.0,0.0,-0.375,1.5059406173077154,0,3,1.0,1.0,0.3990517544962262,0.0,0.375,160.0,0.0,11.0,1.0,0,0,1
3,Australian Grand Prix,Australian,2025-03-23,George Russell,RUS,Mercedes,7,5,10,Finished,46,1:35:38,0.0,5,2,126,0,3,10.0,16,16.0,10.0,0.0,1,5.0,0.0,7.0,5.0,0.0,16.0,8,10.0,0.0,80,5.0,0.0,5,5,4.625,1.5059406173077154,5.0,0.0,-0.375,1.5059406173077154,0,3,1.0,1.0,0.3990517544962262,0.0,0.375,160.0,0.0,11.0,1.0,0,0,1
4,Japanese Grand Prix,Japanese,2025-04-06,George Russell,RUS,Mercedes,3,5,10,Finished,45,1:35:31,1.0,5,-2,126,0,3,10.0,16,16.0,10.0,0.0,1,5.0,0.0,3.0,5.0,0.0,16.0,8,10.0,0.0,80,5.0,0.0,5,5,4.625,1.5059406173077154,5.0,0.0,-0.375,1.5059406173077154,0,3,1.0,1.0,0.3990517544962262,0.0,0.375,160.0,0.0,11.0,1.0,0,0,1
5,Chinese Grand Prix,Chinese,2025-04-20,George Russell,RUS,Mercedes,6,5,10,Finished,54,1:35:13,0.0,5,1,126,0,3,10.0,16,16.0,10.0,0.0,1,5.0,0.0,6.0,5.0,0.0,16.0,8,10.0,0.0,80,5.0,0.0,5,5,4.625,1.5059406173077154,5.0,0.0,-0.375,1.5059406173077154,0,3,1.0,1.0,0.3990517544962262,0.0,0.375,160.0,0.0,11.0,1.0,0,0,1
6,Miami Grand Prix,Miami,2025-05-04,George Russell,RUS,Mercedes,3,5,10,Finished,48,1:35:53,0.0,5,-2,126,0,3,10.0,16,16.0,10.0,0.0,1,5.0,0.0,3.0,5.0,0.0,16.0,8,10.0,0.0,80,5.0,0.0,5,5,4.625,1.5059406173077154,5.0,0.0,-0.375,1.5059406173077154,0,3,1.0,1.0,0.3990517544962262,0.0,0.375,160.0,0.0,11.0,1.0,0,0,1
7,Emilia Romagna Grand Prix,Emilia Romagna,2025-05-18,George Russell,RUS,Mercedes,4,5,10,Finished,50,1:35:59,0.0,5,-1,126,0,3,10.0,16,16.0,10.0,0.0,1,5.0,0.0,4.0,5.0,0.0,16.0,8,10.0,0.0,80,5.0,0.0,5,5,4.625,1.5059406173077154,5.0,0.0,-0.375,1.5059406173077154,0,3,1.0,1.0,0.3990517544962262,0.0,0.375,160.0,0.0,11.0,1.0,0,0,1
8,Monaco Grand Prix,Monaco,2025-05-25,George Russell,RUS,Mercedes,4,5,10,Finished,55,1:35:02,0.0,5,-1,126,0,3,10.0,16,16.0,10.0,0.0,1,5.0,0.0,4.0,5.0,0.0,16.0,8,10.0,0.0,80,5.0,0.0,5,5,4.625,1.5059406173077154,5.0,0.0,-0.375,1.5059406173077154,0,3,1.0,1.0,0.3990517544962262,0.0,0.375,160.0,0.0,11.0,1.0,0,0,1
1,Bahrain Grand Prix,Bahrain,2025-03-02,Kevin Magnussen,MAG,Haas,13,15,0,Finished,54,2:35:11,0.0,15,-2,66,0,1,0.0,6,6.0,0.0,0.0,1,15.0,0.0,13.0,15.0,0.0,6.0,8,0.0,0.0,0,15.0,0.0,15,15,15.125,1.2464234547582251,15.0,0.0,0.125,1.246423454758225,0,1,1.0,1.0,0.4451520473051803,0.0,0.125,0.0,0.0,-9.0,1.0,0,0,0
2,Saudi Arabian Grand Prix,Saudi Arabian,2025-03-09,Kevin Magnussen,MAG,Haas,15,15,0,Finished,50,2:35:46,0.0,15,0,66,0,1,0.0,6,6.0,0.0,0.0,1,15.0,0.0,15.0,15.0,0.0,6.0,8,0.0,0.0,0,15.0,0.0,15,15,15.125,1.2464234547582251,15.0,0.0,0.125,1.246423454758225,0,1,1.0,1.0,0.4451520473051803,0.0,0.125,0.0,0.0,-9.0,1.0,0,0,0
3,Australian Grand Prix,Australian,2025-03-23,Kevin Magnussen,MAG,Haas,16,15,0,Finished,50,2:35:50,0.0,15,1,66,0,1,0.0,6,6.0,0.0,0.0,1,15.0,0.0,16.0,15.0,0.0,6.0,8,0.0,0.0,0,15.0,0.0,15,15,15.125,1.2464234547582251,15.0,0.0,0.125,1.246423454758225,0,1,1.0,1.0,0.4451520473051803,0.0,0.125,0.0,0.0,-9.0,1.0,0,0,0
4,Japanese Grand Prix,Japanese,2025-04-06,Kevin Magnussen,MAG,Haas,14,15,0,Finished,51,2:35:45,0.0,15,-1,66,0,1,0.0,6,6.0,0.0,0.0,1,15.0,0.0,14.0,15.0,0.0,6.0,8,0.0,0.0,0,15.0,0.0,15,15,15.125,1.2464234547582251,15.0,0.0,0.125,1.246423454758225,0,1,1.0,1.0,0.4451520473051803,0.0,0.125,0.0,0.0,-9.0,1.0,0,0,0
5,Chinese Grand Prix,Chinese,2025-04-20,Kevin Magnussen,MAG,Haas,15,15,0,Finished,54,2:35:14,0.0,15,0,66,0,1,0.0,6,6.0,0.0,0.0,1,15.0,0.0,15.0,15.0,0.0,6.0,8,0.0,0.0,0,15.0,0.0,15,15,15.125,1.2464234547582251,15.0,0.0,0.125,1.246423454758225,0,1,1.0,1.0,0.4451520473051803,0.0,0.125,0.0,0.0,-9.0,1.0,0,0,0
6,Miami Grand Prix,Miami,2025-05-04,Kevin Magnussen,MAG,Haas,15,15,0,Finished,48,2:35:53,0.0,15,0,66,0,1,0.0,6,6.0,0.0,0.0,1,15.0,0.0,15.0,15.0,0.0,6.0,8,0.0,0.0,0,15.0,0.0,15,15,15.125,1.2464234547582251,15.0,0.0,0.125,1.246423454758225,0,1,1.0,1.0,0.4451520473051803,0.0,0.125,0.0,0.0,-9.0,1.0,0,0,0
7,Emilia Romagna Grand Prix,Emilia Romagna,2025-05-18,Kevin Magnussen,MAG,Haas,17,15,0,Finished,45,2:35:43,0.0,15,2,66,0,1,0.0,6,6.0,0.0,0.0,1,15.0,0.0,17.0,15.0,0.0,6.0,8,0.0,0.0,0,15.0,0.0,15,15,15.125,1.2464234547582251,15.0,0.0,0.125,1.246423454758225,0,1,1.0,1.0,0.4451520473051803,0.0,0.125,0.0,0.0,-9.0,1.0,0,0,0
8,Monaco Grand Prix,Monaco,2025-05-25,Kevin Magnussen,MAG,Haas,16,15,0,Finished,47,2:35:15,0.0,15,1,66,0,1,0.0,6,6.0,0.0,0.0,1,15.0,0.0,16.0,15.0,0.0,6.0,8,0.0,0.0,0,15.0,0.0,15,15,15.125,1.2464234547582251,15.0,0.0,0.125,1.246423454758225,0,1,1.0,1.0,0.4451520473051803,0.0,0.125,0.0,0.0,-9.0,1.0,0,0,0
1,Bahrain Grand Prix,Bahrain,2025-03-02,Lance Stroll,STR,Aston Martin,8,9,2,Finished,47,1:39:50,0.0,9,-1,102,0,1,2.0,12,12.0,2.0,0.0,1,9.0,0.0,8.0,9.0,0.0,12.0,8,2.0,0.0,16,9.0,0.0,9,9,8.375,0.9161253813129042,9.0,0.0,-0.625,0.9161253813129043,0,1,1.0,1.0,0.5218865162752622,0.0,0.125,24.0,0.0,3.0,1.0,0,0,1
2,Saudi Arabian Grand Prix,Saudi Arabian,2025-03-09,Lance Stroll,STR,Aston Martin,9,9,2,Finished,51,1:39:07,0.0,9,0,102,0,1,2.0,12,12.0,2.0,0.0,1,9.0,0.0,9.0,9.0,0.0,12.0,8,2.0,0.0,16,9.0,0.0,9,9,8.375,0.9161253813129042,9.0,0.0,-0.625,0.9161253813129043,0,1,1.0,1.0,0.5218865162752622,0.0,0.125,24.0,0.0,3.0,1.0,0,0,1
3,Australian Grand Prix,Australian,2025-03-23,Lance Stroll,STR,Aston Martin,8,9,2,Finished,48,1:39:57,0.0,9,-1,102,0,1,2.0,12,12.0,2.0,0.0,1,9.0,0.0,8.0,9.0,0.0,12.0,8,2.0,0.0,16,9.0,0.0,9,9,8.375,0.9161253813129042,9.0,0.0,-0.625,0.9161253813129043,0,1,1.0,1.0,0.5218865162752622,0.0,0.125,24.0,0.0,3.0,1.0,0,0,1
4,Japanese Grand Prix,Japanese,2025-04-06,Lance Stroll,STR,Aston Martin,8,9,2,Finished,45,1:39:23,0.0,9,-1,102,0,1,2.0,12,12.0,2.0,0.0,1,9.0,0.0,8.0,9.0,0.0,12.0,8,2.0,0.0,16,9.0,0.0,9,9,8.375,0.9161253813129042,9.0,0.0,-0.625,0.9161253813129043,0,1,1.0,1.0,0.5218865162752622,0.0,0.125,24.0,0.0,3.0,1.0,0,0,1
5,Chinese Grand Prix,Chinese,2025-04-20,Lance Stroll,STR,Aston Martin,7,9,2,Finished,47,1:39:39,0.0,9,-2,102,0,1,2.0,12,12.0,2.0,0.0,1,9.0,0.0,7.0,9.0,0.0,12.0,8,2.0,0.0,16,9.0,0.0,9,9,8.375,0.9161253813129042,9.0,0.0,-0.625,0.9161253813129043,0,1,1.0,1.0,0.5218865162752622,0.0,0.125,24.0,0.0,3.0,1.0,0,0,1
6,Miami Grand Prix,Miami,2025-05-04,Lance Stroll,STR,Aston Martin,8,9,2,Finished,55,1:39:22,0.0,9,-1,102,0,1,2.0,12,12.0,2.0,0.0,1,9.0,0.0,8.0,9.0,0.0,12.0,8,2.0,0.0,16,9.0,0.0,9,9,8.375,0.9161253813129042,9.0,0.0,-0.625,0.9161253813129043,0,1,1.0,1.0,0.5218865162752622,0.0,0.125,24.0,0.0,3.0,1.0,0,0,1
7,Emilia Romagna Grand Prix,Emilia Romagna,2025-05-18,Lance Stroll,STR,Aston Martin,10,9,2,Finished,54,1:39:12,0.0,9,1,102,0,1,2.0,12,12.0,2.0,0.0,1,9.0,0.0,10.0,9.0,0.0,12.0,8,2.0,0.0,16,9.0,0.0,9,9,8.375,0.9161253813129042,9.0,0.0,-0.625,0.9161253813129043,0,1,1.0,1.0,0.5218865162752622,0.0,0.125,24.0,0.0,3.0,1.0,0,0,1
8,Monaco Grand Prix,Monaco,2025-05-25,Lance Stroll,STR,Aston Martin,9,9,2,Finished,50,1:39:54,0.0,9,0,102,0,1,2.0,12,12.0,2.0,0.0,1,9.0,0.0,9.0,9.0,0.0,12.0,8,2.0,0.0,16,9.0,0.0,9,9,8.375,0.9161253813129042,9.0,0.0,-0.625,0.9161253813129043,0,1,1.0,1.0,0.5218865162752622,0.0,0.125,24.0,0.0,3.0,1.0,0,0,1
1,Bahrain Grand Prix,Bahrain,2025-03-02,Lando Norris,NOR,McLaren,1,1,25,Finished,54,1:31:21,0.0,1,0,200,3,6,25.0,20,20.0,25.0,0.0,1,1.0,0.0,1.0,1.0,0.0,20.0,8,25.0,0.0,200,1.0,0.0,1,1,1.75,0.8864052604279183,1.0,0.0,0.75,0.8864052604279183,3,6,1.0,1.0,0.5301087846697145,0.375,0.75,500.0,0.0,19.0,1.0,1,1,1
2,Saudi Arabian Grand Prix,Saudi Arabian,2025-03-09,Lando Norris,NOR,McLaren,2,1,25,Finished,54,1:31:13,1.0,1,1,200,3,6,25.0,20,20.0,25.0,0.0,1,1.0,0.0,2.0,1.0,0.0,20.0,8,25.0,0.0,200,1.0,0.0,1,1,1.75,0.8864052604279183,1.0,0.0,0.75,0.8864052604279183,3,6,1.0,1.0,0.5301087846697145,0.375,0.75,500.0,0.0,19.0,1.0,1,1,1
3,Australian Grand Prix,Australian,2025-03-23,Lando Norris,NOR,McLaren,3,1,25,Finished,48,1:31:10,0.0,1,2,200,3,6,25.0,20,20.0,25.0,0.0,1,1.0,0.0,3.0,1.0,0.0,20.0,8,25.0,0.0,200,1.0,0.0,1,1,1.75,0.8864052604279183,1.0,0.0,0.75,0.8864052604279183,3,6,1.0,1.0,0.5301087846697145,0.375,0.75,500.0,0.0,19.0,1.0,1,1,1
4,Japanese Grand Prix,Japanese,2025-04-06,Lando Norris,NOR,McLaren,1,1,25,Finished,50,1:31:37,0.0,1,0,200,3,6,25.0,20,20.0,25.0,0.0,1,1.0,0.0,1.0,1.0,0.0,20.0,8,25.0,0.0,200,1.0,0.0,1,1,1.75,0.8864052604279183,1.0,0.0,0.75,0.8864052604279183,3,6,1.0,1.0,0.5301087846697145,0.375,0.75,500.0,0.0,19.0,1.0,1,1,1
5,Chinese Grand Prix,Chinese,2025-04-20,Lando Norris,NOR,McLaren,2,1,25,Finished,52,1:31:16,1.0,1,1,200,3,6,25.0,20,20.0,25.0,0.0,1,1.0,0.0,2.0,1.0,0.0,20.0,8,25.0,0.0,200,1.0,0.0,1,1,1.75,0.8864052604279183,1.0,0.0,0.75,0.8864052604279183,3,6,1.0,1.0,0.5301087846697145,0.375,0.75,500.0,0.0,19.0,1.0,1,1,1
6,Miami Grand Prix,Miami,2025-05-04,Lando Norris,NOR,McLaren,3,1,25,Finished,49,1:31:39,0.0,1,2,200,3,6,25.0,20,20.0,25.0,0.0,1,1.0,0.0,3.0,1.0,0.0,20.0,8,25.0,0.0,200,1.0,0.0,1,1,1.75,0.8864052604279183,1.0,0.0,0.75,0.8864052604279183,3,6,1.0,1.0,0.5301087846697145,0.375,0.75,500.0,0.0,19.0,1.0,1,1,1
7,Emilia Romagna Grand Prix,Emilia Romagna,2025-05-18,Lando Norris,NOR,McLaren,1,1,25,Finished,52,1:31:10,0.0,1,0,200,3,6,25.0,20,20.0,25.0,0.0,1,1.0,0.0,1.0,1.0,0.0,20.0,8,25.0,0.0,200,1.0,0.0,1,1,1.75,0.8864052604279183,1.0,0.0,0.75,0.8864052604279183,3,6,1.0,1.0,0.5301087846697145,0.375,0.75,500.0,0.0,19.0,1.0,1,1,1
8,Monaco Grand Prix,Monaco,2025-05-25,Lando Norris,NOR,McLaren,1,1,25,Finished,51,1:31:14,0.0,1,0,200,3,6,25.0,20,20.0,25.0,0.0,1,1.0,0.0,1.0,1.0,0.0,20.0,8,25.0,0.0,200,1.0,0.0,1,1,1.75,0.8864052604279183,1.0,0.0,0.75,0.8864052604279183,3,6,1.0,1.0,0.5301087846697145,0.375,0.75,500.0,0.0,19.0,1.0,1,1,1
1,Bahrain Grand Prix,Bahrain,2025-03-02,Lewis Hamilton,HAM,Ferrari,7,6,8,Finished,55,1:36:39,0.0,6,1,145,1,2,8.0,15,15.0,8.0,0.0,1,6.0,0.0,7.0,6.0,0.0,15.0,8,8.0,0.0,64,6.0,0.0,6,6,6.875,1.1259916264596033,6.0,0.0,0.875,1.1259916264596033,1,2,1.0,1.0,0.47036873878251906,0.125,0.25,120.0,0.0,9.0,1.0,0,0,1
2,Saudi Arabian Grand Prix,Saudi Arabian,2025-03-09,Lewis Hamilton,HAM,Ferrari,7,6,8,Finished,46,1:36:07,0.0,6,1,145,1,2,8.0,15,15.0,8.0,0.0,1,6.0,0.0,7.0,6.0,0.0,15.0,8,8.0,0.0,64,6.0,0.0,6,6,6.875,1.1259916264596033,6.0,0.0,0.875,1.1259916264596033,1,2,1.0,1.0,0.47036873878251906,0.125,0.25,120.0,0.0,9.0,1.0,0,0,1
3,Australian Grand Prix,Australian,2025-03-23,Lewis Hamilton,HAM,Ferrari,5,6,8,Finished,50,1:36:21,0.0,6,-1,145,1,2,8.0,15,15.0,8.0,0.0,1,6.0,0.0,5.0,6.0,0.0,15.0,8,8.0,0.0,64,6.0,0.0,6,6,6.875,1.1259916264596033,6.0,0.0,0.875,1.1259916264596033,1,2,1.0,1.0,0.47036873878251906,0.125,0.25,120.0,0.0,9.0,1.0,0,0,1
4,Japanese Grand Prix,Japanese,2025-04-06,Lewis Hamilton,HAM,Ferrari,6,6,8,Finished,49,1:36:45,1.0,6,0,145,1,2,8.0,15,15.0,8.0,0.0,1,6.0,0.0,6.0,6.0,0.0,15.0,8,8.0,0.0,64,6.0,0.0,6,6,6.875,1.1259916264596033,6.0,0.0,0.875,1.1259916264596033,1,2,1.0,1.0,0.47036873878251906,0.125,0.25,120.0,0.0,9.0,1.0,0,0,1
5,Chinese Grand Prix,Chinese,2025-04-20,Lewis Hamilton,HAM,Ferrari,8,6,8,Finished,53,1:36:49,0.0,6,2,145,1,2,8.0,15,15.0,8.0,0.0,1,6.0,0.0,8.0,6.0,0.0,15.0,8,8.0,0.0,64,6.0,0.0,6,6,6.875,1.1259916264596033,6.0,0.0,0.875,1.1259916264596033,1,2,1.0,1.0,0.47036873878251906,0.125,0.25,120.0,0.0,9.0,1.0,0,0,1
6,Miami Grand Prix,Miami,2025-05-04,Lewis Hamilton,HAM,Ferrari,8,6,8,Finished,49,1:36:29,0.0,6,2,145,1,2,8.0,15,15.0,8.0,0.0,1,6.0,0.0,8.0,6.0,0.0,15.0,8,8.0,0.0,64,6.0,0.0,6,6,6.875,1.1259916264596033,6.0,0.0,0.875,1.1259916264596033,1,2,1.0,1.0,0.47036873878251906,0.125,0.25,120.0,0.0,9.0,1.0,0,0,1
7,Emilia Romagna Grand Prix,Emilia Romagna,2025-05-18,Lewis Hamilton,HAM,Ferrari,8,6,8,Finished,55,1:36:13,0.0,6,2,145,1,2,8.0,15,15.0,8.0,0.0,1,6.0,0.0,8.0,6.0,0.0,15.0,8,8.0,0.0,64,6.0,0.0,6,6,6.875,1.1259916264596033,6.0,0.0,0.875,1.1259916264596033,1,2,1.0,1.0,0.47036873878251906,0.125,0.25,120.0,0.0,9.0,1.0,0,0,1
8,Monaco Grand Prix,Monaco,2025-05-25,Lewis Hamilton,HAM,Ferrari,6,6,8,Finished,54,1:36:05,0.0,6,0,145,1,2,8.0,15,15.0,8.0,0.0,1,6.0,0.0,6.0,6.0,0.0,15.0,8,8.0,0.0,64,6.0,0.0,6,6,6.875,1.1259916264596033,6.0,0.0,0.875,1.1259916264596033,1,2,1.0,1.0,0.47036873878251906,0.125,0.25,120.0,0.0,9.0,1.0,0,0,1
1,Bahrain Grand Prix,Bahrain,2025-03-02,Logan Sargeant,SAR,Williams,20,19,0,Finished,55,2:39:33,1.0,19,1,42,0,1,0.0,2,2.0,0.0,0.0,1,19.0,0.0,20.0,19.0,0.0,2.0,8,0.0,0.0,0,19.0,0.0,19,19,19.5,0.7559289460184543,19.0,0.0,0.5,0.7559289460184545,0,1,1.0,1.0,0.5694991259569397,0.0,0.125,0.0,0.0,-17.0,1.0,0,0,0
2,Saudi Arabian Grand Prix,Saudi Arabian,2025-03-09,Logan Sargeant,SAR,Williams,20,19,0,Finished,48,2:39:53,0.0,19,1,42,0,1,0.0,2,2.0,0.0,0.0,1,19.0,0.0,20.0,19.0,0.0,2.0,8,0.0,0.0,0,19.0,0.0,19,19,19.5,0.7559289460184543,19.0,0.0,0.5,0.7559289460184545,0,1,1.0,1.0,0.5694991259569397,0.0,0.125,0.0,0.0,-17.0,1.0,0,0,0
3,Australian Grand Prix,Australian,2025-03-23,Logan Sargeant,SAR,Williams,18,19,0,Finished,45,2:39:41,0.0,19,-1,42,0,1,0.0,2,2.0,0.0,0.0,1,19.0,0.0,18.0,19.0,0.0,2.0,8,0.0,0.0,0,19.0,0.0,19,19,19.5,0.7559289460184543,19.0,0.0,0.5,0.7559289460184545,0,1,1.0,1.0,0.5694991259569397,0.0,0.125,0.0,0.0,-17.0,1.0,0,0,0
4,Japanese Grand Prix,Japanese,2025-04-06,Logan Sargeant,SAR,Williams,20,19,0,Finished,54,2:39:03,0.0,19,1,42,0,1,0.0,2,2.0,0.0,0.0,1,19.0,0.0,20.0,19.0,0.0,2.0,8,0.0,0.0,0,19.0,0.0,19,19,19.5,0.7559289460184543,19.0,0.0,0.5,0.7559289460184545,0,1,1.0,1.0,0.5694991259569397,0.0,0.125,0.0,0.0,-17.0,1.0,0,0,0
5,Chinese Grand Prix,Chinese,2025-04-20,Logan Sargeant,SAR,Williams,20,19,0,Finished,55,2:39:40,0.0,19,1,42,0,1,0.0,2,2.0,0.0,0.0,1,19.0,0.0,20.0,19.0,0.0,2.0,8,0.0,0.0,0,19.0,0.0,19,19,19.5,0.7559289460184543,19.0,0.0,0.5,0.7559289460184545,0,1,1.0,1.0,0.5694991259569397,0.0,0.125,0.0,0.0,-17.0,1.0,0,0,0
6,Miami Grand Prix,Miami,2025-05-04,Logan Sargeant,SAR,Williams,19,19,0,Finished,49,2:39:38,0.0,19,0,42,0,1,0.0,2,2.0,0.0,0.0,1,19.0,0.0,19.0,19.0,0.0,2.0,8,0.0,0.0,0,19.0,0.0,19,19,19.5,0.7559289460184543,19.0,0.0,0.5,0.7559289460184545,0,1,1.0,1.0,0.5694991259569397,0.0,0.125,0.0,0.0,-17.0,1.0,0,0,0
7,Emilia Romagna Grand Prix,Emilia Romagna,2025-05-18,Logan Sargeant,SAR,Williams,20,19,0,Finished,47,2:39:26,0.0,19,1,42,0,1,0.0,2,2.0,0.0,0.0,1,19.0,0.0,20.0,19.0,0.0,2.0,8,0.0,0.0,0,19.0,0.0,19,19,19.5,0.7559289460184543,19.0,0.0,0.5,0.7559289460184545,0,1,1.0,1.0,0.5694991259569397,0.0,0.125,0.0,0.0,-17.0,1.0,0,0,0
8,Monaco Grand Prix,Monaco,2025-05-25,Logan Sargeant,SAR,Williams,19,19,0,Finished,54,2:39:01,1.0,19,0,42,0,1,0.0,2,2.0,0.0,0.0,1,19.0,0.0,19.0,19.0,0.0,2.0,8,0.0,0.0,0,19.0,0.0,19,19,19.5,0.7559289460184543,19.0,0.0,0.5,0.7559289460184545,0,1,1.0,1.0,0.5694991259569397,0.0,0.125,0.0,0.0,-17.0,1.0,0,0,0
1,Bahrain Grand Prix,Bahrain,2025-03-02,Max Verstappen,VER,Red Bull,1,3,15,Finished,51,1:33:13,0.0,3,-2,138,1,3,15.0,18,18.0,15.0,0.0,1,3.0,0.0,1.0,3.0,0.0,18.0,8,15.0,0.0,120,3.0,0.0,3,3,2.375,1.3024701806293193,3.0,0.0,-0.625,1.3024701806293193,1,3,1.0,1.0,0.43431615680107377,0.125,0.375,270.0,0.0,15.0,1.0,0,1,1
2,Saudi Arabian Grand Prix,Saudi Arabian,2025-03-09,Max Verstappen,VER,Red Bull,5,3,15,Finished,51,1:33:59,0.0,3,2,138,1,3,15.0,18,18.0,15.0,0.0,1,3.0,0.0,5.0,3.0,0.0,18.0,8,15.0,0.0,120,3.0,0.0,3,3,2.375,1.3024701806293193,3.0,0.0,-0.625,1.3024701806293193,1,3,1.0,1.0,0.43431615680107377,0.125,0.375,270.0,0.0,15.0,1.0,0,1,1
3,Australian Grand Prix,Australian,2025-03-23,Max Verstappen,VER,Red Bull,2,3,15,Finished,53,1:33:42,0.0,3,-1,138,1,3,15.0,18,18.0,15.0,0.0,1,3.0,0.0,2.0,3.0,0.0,18.0,8,15.0,0.0,120,3.0,0.0,3,3,2.375,1.3024701806293193,3.0,0.0,-0.625,1.3024701806293193,1,3,1.0,1.0,0.43431615680107377,0.125,0.375,270.0,0.0,15.0,1.0,0,1,1
4,Japanese Grand Prix,Japanese,2025-04-06,Max Verstappen,VER,Red Bull,1,3,15,Finished,51,1:33:19,0.0,3,-2,138,1,3,15.0,18,18.0,15.0,0.0,1,3.0,0.0,1.0,3.0,0.0,18.0,8,15.0,0.0,120,3.0,0.0,3,3,2.375,1.3024701806293193,3.0,0.0,-0.625,1.3024701806293193,1,3,1.0,1.0,0.43431615680107377,0.125,0.375,270.0,0.0,15.0,1.0,0,1,1
5,Chinese Grand Prix,Chinese,2025-04-20,Max Verstappen,VER,Red Bull,2,3,15,Finished,52,1:33:54,0.0,3,-1,138,1,3,15.0,18,18.0,15.0,0.0,1,3.0,0.0,2.0,3.0,0.0,18.0,8,15.0,0.0,120,3.0,0.0,3,3,2.375,1.3024701806293193,3.0,0.0,-0.625,1.3024701806293193,1,3,1.0,1.0,0.43431615680107377,0.125,0.375,270.0,0.0,15.0,1.0,0,1,1
6,Miami Grand Prix,Miami,2025-05-04,Max Verstappen,VER,Red Bull,2,3,15,Finished,48,1:33:23,0.0,3,-1,138,1,3,15.0,18,18.0,15.0,0.0,1,3.0,0.0,2.0,3.0,0.0,18.0,8,15.0,0.0,120,3.0,0.0,3,3,2.375,1.3024701806293193,3.0,0.0,-0.625,1.3024701806293193,1,3,1.0,1.0,0.43431615680107377,0.125,0.375,270.0,0.0,15.0,1.0,0,1,1
7,Emilia Romagna Grand Prix,Emilia Romagna,2025-05-18,Max Verstappen,VER,Red Bull,3,3,15,Finished,49,1:33:32,0.0,3,0,138,1,3,15.0,18,18.0,15.0,0.0,1,3.0,0.0,3.0,3.0,0.0,18.0,8,15.0,0.0,120,3.0,0.0,3,3,2.375,1.3024701806293193,3.0,0.0,-0.625,1.3024701806293193,1,3,1.0,1.0,0.43431615680107377,0.125,0.375,270.0,0.0,15.0,1.0,0,1,1
8,Monaco Grand Prix,Monaco,2025-05-25,Max Verstappen,VER,Red Bull,3,3,15,Finished,46,1:33:25,0.0,3,0,138,1,3,15.0,18,18.0,15.0,0.0,1,3.0,0.0,3.0,3.0,0.0,18.0,8,15.0,0.0,120,3.0,0.0,3,3,2.375,1.3024701806293193,3.0,0.0,-0.625,1.3024701806293193,1,3,1.0,1.0,0.43431615680107377,0.125,0.375,270.0,0.0,15.0,1.0,0,1,1
1,Bahrain Grand Prix,Bahrain,2025-03-02,Nico Hulkenberg,HUL,Haas,15,14,0,Finished,52,2:34:17,0.0,14,1,72,0,1,0.0,7,7.0,0.0,0.0,1,14.0,0.0,15.0,14.0,0.0,7.0,8,0.0,0.0,0,14.0,0.0,14,14,13.5,1.414213562373095,14.0,0.0,-0.5,1.4142135623730951,0,1,1.0,1.0,0.4142135623730951,0.0,0.125,0.0,0.0,-7.0,1.0,0,0,0
2,Saudi Arabian Grand Prix,Saudi Arabian,2025-03-09,Nico Hulkenberg,HUL,Haas,14,14,0,Finished,55,2:34:17,0.0,14,0,72,0,1,0.0,7,7.0,0.0,0.0,1,14.0,0.0,14.0,14.0,0.0,7.0,8,0.0,0.0,0,14.0,0.0,14,14,13.5,1.414213562373095,14.0,0.0,-0.5,1.4142135623730951,0,1,1.0,1.0,0.4142135623730951,0.0,0.125,0.0,0.0,-7.0,1.0,0,0,0
3,Australian Grand Prix,Australian,2025-03-23,Nico Hulkenberg,HUL,Haas,12,14,0,Finished,55,2:34:41,0.0,14,-2,72,0,1,0.0,7,7.0,0.0,0.0,1,14.0,0.0,12.0,14.0,0.0,7.0,8,0.0,0.0,0,14.0,0.0,14,14,13.5,1.414213562373095,14.0,0.0,-0.5,1.4142135623730951,0,1,1.0,1.0,0.4142135623730951,0.0,0.125,0.0,0.0,-7.0,1.0,0,0,0
4,Japanese Grand Prix,Japanese,2025-04-06,Nico Hulkenberg,HUL,Haas,13,14,0,Finished,46,2:34:23,0.0,14,-1,72,0,1,0.0,7,7.0,0.0,0.0,1,14.0,0.0,13.0,14.0,0.0,7.0,8,0.0,0.0,0,14.0,0.0,14,14,13.5,1.414213562373095,14.0,0.0,-0.5,1.4142135623730951,0,1,1.0,1.0,0.4142135623730951,0.0,0.125,0.0,0.0,-7.0,1.0,0,0,0
5,Chinese Grand Prix,Chinese,2025-04-20,Nico Hulkenberg,HUL,Haas,13,14,0,Finished,48,2:34:22,0.0,14,-1,72,0,1,0.0,7,7.0,0.0,0.0,1,14.0,0.0,13.0,14.0,0.0,7.0,8,0.0,0.0,0,14.0,0.0,14,14,13.5,1.414213562373095,14.0,0.0,-0.5,1.4142135623730951,0,1,1.0,1.0,0.4142135623730951,0.0,0.125,0.0,0.0,-7.0,1.0,0,0,0
6,Miami Grand Prix,Miami,2025-05-04,Nico Hulkenberg,HUL,Haas,16,14,0,Finished,55,2:34:48,0.0,14,2,72,0,1,0.0,7,7.0,0.0,0.0,1,14.0,0.0,16.0,14.0,0.0,7.0,8,0.0,0.0,0,14.0,0.0,14,14,13.5,1.414213562373095,14.0,0.0,-0.5,1.4142135623730951,0,1,1.0,1.0,0.4142135623730951,0.0,0.125,0.0,0.0,-7.0,1.0,0,0,0
7,Emilia Romagna Grand Prix,Emilia Romagna,2025-05-18,Nico Hulkenberg,HUL,Haas,12,14,0,Finished,49,2:34:42,0.0,14,-2,72,0,1,0.0,7,7.0,0.0,0.0,1,14.0,0.0,12.0,14.0,0.0,7.0,8,0.0,0.0,0,14.0,0.0,14,14,13.5,1.414213562373095,14.0,0.0,-0.5,1.4142135623730951,0,1,1.0,1.0,0.4142135623730951,0.0,0.125,0.0,0.0,-7.0,1.0,0,0,0
8,Monaco Grand Prix,Monaco,2025-05-25,Nico Hulkenberg,HUL,Haas,13,14,0,Finished,52,2:34:51,0.0,14,-1,72,0,1,0.0,7,7.0,0.0,0.0,1,14.0,0.0,13.0,14.0,0.0,7.0,8,0.0,0.0,0,14.0,0.0,14,14,13.5,1.414213562373095,14.0,0.0,-0.5,1.4142135623730951,0,1,1.0,1.0,0.4142135623730951,0.0,0.125,0.0,0.0,-7.0,1.0,0,0,0
1,Bahrain Grand Prix,Bahrain,2025-03-02,Oliver Bearman,BEA,Ferrari,20,20,0,Finished,47,3:30:10,1.0,20,0,47,0,2,0.0,1,1.0,0.0,0.0,1,20.0,0.0,20.0,20.0,0.0,1.0,8,0.0,0.0,0,20.0,0.0,20,20,19.375,0.9161253813129042,20.0,0.0,-0.625,0.9161253813129043,0,2,1.0,1.0,0.5218865162752622,0.0,0.25,0.0,0.0,-19.0,1.0,0,0,0
2,Saudi Arabian Grand Prix,Saudi Arabian,2025-03-09,Oliver Bearman,BEA,Ferrari,18,20,0,Finished,52,3:30:49,0.0,20,-2,47,0,2,0.0,1,1.0,0.0,0.0,1,20.0,0.0,18.0,20.0,0.0,1.0,8,0.0,0.0,0,20.0,0.0,20,20,19.375,0.9161253813129042,20.0,0.0,-0.625,0.9161253813129043,0,2,1.0,1.0,0.5218865162752622,0.0,0.25,0.0,0.0,-19.0,1.0,0,0,0
3,Australian Grand Prix,Australian,2025-03-23,Oliver Bearman,BEA,Ferrari,19,20,0,Finished,45,3:30:37,0.0,20,-1,47,0,2,0.0,1,1.0,0.0,0.0,1,20.0,0.0,19.0,20.0,0.0,1.0,8,0.0,0.0,0,20.0,0.0,20,20,19.375,0.9161253813129042,20.0,0.0,-0.625,0.9161253813129043,0,2,1.0,1.0,0.5218865162752622,0.0,0.25,0.0,0.0,-19.0,1.0,0,0,0
4,Japanese Grand Prix,Japanese,2025-04-06,Oliver Bearman,BEA,Ferrari,20,20,0,Finished,46,3:30:13,0.0,20,0,47,0,2,0.0,1,1.0,0.0,0.0,1,20.0,0.0,20.0,20.0,0.0,1.0,8,0.0,0.0,0,20.0,0.0,20,20,19.375,0.9161253813129042,20.0,0.0,-0.625,0.9161253813129043,0,2,1.0,1.0,0.5218865162752622,0.0,0.25,0.0,0.0,-19.0,1.0,0,0,0
5,Chinese Grand Prix,Chinese,2025-04-20,Oliver Bearman,BEA,Ferrari,20,20,0,Finished,46,3:30:54,0.0,20,0,47,0,2,0.0,1,1.0,0.0,0.0,1,20.0,0.0,20.0,20.0,0.0,1.0,8,0.0,0.0,0,20.0,0.0,20,20,19.375,0.9161253813129042,20.0,0.0,-0.625,0.9161253813129043,0,2,1.0,1.0,0.5218865162752622,0.0,0.25,0.0,0.0,-19.0,1.0,0,0,0
6,Miami Grand Prix,Miami,2025-05-04,Oliver Bearman,BEA,Ferrari,18,20,0,Finished,48,3:30:26,0.0,20,-2,47,0,2,0.0,1,1.0,0.0,0.0,1,20.0,0.0,18.0,20.0,0.0,1.0,8,0.0,0.0,0,20.0,0.0,20,20,19.375,0.9161253813129042,20.0,0.0,-0.625,0.9161253813129043,0,2,1.0,1.0,0.5218865162752622,0.0,0.25,0.0,0.0,-19.0,1.0,0,0,0
7,Emilia Romagna Grand Prix,Emilia Romagna,2025-05-18,Oliver Bearman,BEA,Ferrari,20,20,0,Finished,46,3:30:49,0.0,20,0,47,0,2,0.0,1,1.0,0.0,0.0,1,20.0,0.0,20.0,20.0,0.0,1.0,8,0.0,0.0,0,20.0,0.0,20,20,19.375,0.9161253813129042,20.0,0.0,-0.625,0.9161253813129043,0,2,1.0,1.0,0.5218865162752622,0.0,0.25,0.0,0.0,-19.0,1.0,0,0,0
8,Monaco Grand Prix,Monaco,2025-05-25,Oliver Bearman,BEA,Ferrari,20,20,0,Finished,51,3:30:29,0.0,20,0,47,0,2,0.0,1,1.0,0.0,0.0,1,20.0,0.0,20.0,20.0,0.0,1.0,8,0.0,0.0,0,20.0,0.0,20,20,19.375,0.9161253813129042,20.0,0.0,-0.625,0.9161253813129043,0,2,1.0,1.0,0.5218865162752622,0.0,0.25,0.0,0.0,-19.0,1.0,0,0,0
1,Bahrain Grand Prix,Bahrain,2025-03-02,Oscar Piastri,PIA,McLaren,1,2,18,Finished,47,1:32:28,0.0,2,-1,192,2,6,18.0,19,19.0,18.0,0.0,1,2.0,0.0,1.0,2.0,0.0,19.0,8,22.375,3.6228441865473595,179,1.375,0.5175491695067657,1,2,1.625,0.9161253813129042,1.375,0.5175491695067657,0.25,1.0350983390135313,2,6,0.6589572318931981,0.6589572318931981,0.5218865162752622,0.25,0.75,342.0,-4.375,17.625,1.0,0,1,1
2,Saudi Arabian Grand Prix,Saudi Arabian,2025-03-09,Oscar Piastri,PIA,McLaren,3,2,18,Finished,53,1:32:15,0.0,2,1,192,2,6,18.0,19,19.0,18.0,0.0,1,2.0,0.0,3.0,2.0,0.0,19.0,8,22.375,3.6228441865473595,179,1.375,0.5175491695067657,1,2,1.625,0.9161253813129042,1.375,0.5175491695067657,0.25,1.0350983390135313,2,6,0.6589572318931981,0.6589572318931981,0.5218865162752622,0.25,0.75,342.0,-4.375,17.625,1.0,0,1,1
3,Australian Grand Prix,Australian,2025-03-23,Oscar Piastri,PIA,McLaren,1,2,18,Finished,53,1:32:42,0.0,2,-1,192,2,6,18.0,19,19.0,18.0,0.0,1,2.0,0.0,1.0,2.0,0.0,19.0,8,22.375,3.6228441865473595,179,1.375,0.5175491695067657,1,2,1.625,0.9161253813129042,1.375,0.5175491695067657,0.25,1.0350983390135313,2,6,0.6589572318931981,0.6589572318931981,0.5218865162752622,0.25,0.75,342.0,-4.375,17.625,1.0,0,1,1
4,Japanese Grand Prix,Japanese,2025-04-06,Oscar Piastri,PIA,McLaren,3,1,25,Finished,45,1:31:43,1.0,1,2,192,2,6,20.799999999999997,20,19.4,25.0,0.0,1,1.0,0.0,3.0,1.0,0.0,20.0,8,22.375,3.6228441865473595,179,1.375,0.5175491695067657,1,2,1.625,0.9161253813129042,1.375,0.5175491695067657,0.25,1.0350983390135313,2,6,0.6589572318931981,0.6589572318931981,0.5218865162752622,0.25,0.75,403.5199999999999,2.625,18.625,1.0,1,1,1
5,Chinese Grand Prix,Chinese,2025-04-20,Oscar Piastri,PIA,McLaren,1,1,25,Finished,52,1:31:50,0.0,1,0,192,2,6,22.479999999999997,20,19.64,25.0,0.0,1,1.0,0.0,1.0,1.0,0.0,20.0,8,22.375,3.6228441865473595,179,1.375,0.5175491695067657,1,2,1.625,0.9161253813129042,1.375,0.5175491695067657,0.25,1.0350983390135313,2,6,0.6589572318931981,0.6589572318931981,0.5218865162752622,0.25,0.75,441.50719999999995,2.625,18.625,1.0,1,1,1
6,Miami Grand Prix,Miami,2025-05-04,Oscar Piastri,PIA,McLaren,1,1,25,Finished,50,1:31:38,0.0,1,0,192,2,6,23.488,20,19.784,25.0,0.0,1,1.0,0.0,1.0,1.0,0.0,20.0,8,22.375,3.6228441865473595,179,1.375,0.5175491695067657,1,2,1.625,0.9161253813129042,1.375,0.5175491695067657,0.25,1.0350983390135313,2,6,0.6589572318931981,0.6589572318931981,0.5218865162752622,0.25,0.75,464.68659199999996,2.625,18.625,1.0,1,1,1
7,Emilia Romagna Grand Prix,Emilia Romagna,2025-05-18,Oscar Piastri,PIA,McLaren,2,1,25,Finished,49,1:31:32,0.0,1,1,192,2,6,24.092799999999997,20,19.870399999999997,25.0,0.0,1,1.0,0.0,2.0,1.0,0.0,20.0,8,22.375,3.6228441865473595,179,1.375,0.5175491695067657,1,2,1.625,0.9161253813129042,1.375,0.5175491695067657,0.25,1.0350983390135313,2,6,0.6589572318931981,0.6589572318931981,0.5218865162752622,0.25,0.75,478.73357311999985,2.625,18.625,1.0,1,1,1
8,Monaco Grand Prix,Monaco,2025-05-25,Oscar Piastri,PIA,McLaren,1,1,25,Finished,45,1:31:37,0.0,1,0,192,2,6,24.455679999999997,20,19.922239999999995,25.0,0.0,1,1.0,0.0,1.0,1.0,0.0,20.0,8,22.375,3.6228441865473595,179,1.375,0.5175491695067657,1,2,1.625,0.9161253813129042,1.375,0.5175491695067657,0.25,1.0350983390135313,2,6,0.6589572318931981,0.6589572318931981,0.5218865162752622,0.25,0.75,487.2119263231998,2.625,18.625,1.0,1,1,1
1,Bahrain Grand Prix,Bahrain,2025-03-02,Pierre Gasly,GAS,Alpine,9,10,1,Finished,53,2:30:37,0.0,10,-1,96,0,1,1.0,11,11.0,1.0,0.0,1,10.0,0.0,9.0,10.0,0.0,11.0,8,1.0,0.0,8,10.0,0.0,10,10,10.125,1.1259916264596033,10.0,0.0,0.125,1.1259916264596033,0,1,1.0,1.0,0.47036873878251906,0.0,0.125,11.0,0.0,1.0,1.0,0,0,1
2,Saudi Arabian Grand Prix,Saudi Arabian,2025-03-09,Pierre Gasly,GAS,Alpine,11,10,1,Finished,49,2:30:54,0.0,10,1,96,0,1,1.0,11,11.0,1.0,0.0,1,10.0,0.0,11.0,10.0,0.0,11.0,8,1.0,0.0,8,10.0,0.0,10,10,10.125,1.1259916264596033,10.0,0.0,0.125,1.1259916264596033,0,1,1.0,1.0,0.47036873878251906,0.0,0.125,11.0,0.0,1.0,1.0,0,0,1
3,Australian Grand Prix,Australian,2025-03-23,Pierre Gasly,GAS,Alpine,11,10,1,Finished,46,2:30:27,0.0,10,1,96,0,1,1.0,11,11.0,1.0,0.0,1,10.0,0.0,11.0,10.0,0.0,11.0,8,1.0,0.0,8,10.0,0.0,10,10,10.125,1.1259916264596033,10.0,0.0,0.125,1.1259916264596033,0,1,1.0,1.0,0.47036873878251906,0.0,0.125,11.0,0.0,1.0,1.0,0,0,1
4,Japanese Grand Prix,Japanese,2025-04-06,Pierre Gasly,GAS,Alpine,10,10,1,Finished,45,2:30:21,0.0,10,0,96,0,1,1.0,11,11.0,1.0,0.0,1,10.0,0.0,10.0,10.0,0.0,11.0,8,1.0,0.0,8,10.0,0.0,10,10,10.125,1.1259916264596033,10.0,0.0,0.125,1.1259916264596033,0,1,1.0,1.0,0.47036873878251906,0.0,0.125,11.0,0.0,1.0,1.0,0,0,1
5,Chinese Grand Prix,Chinese,2025-04-20,Pierre Gasly,GAS,Alpine,11,10,1,Finished,48,2:30:35,0.0,10,1,96,0,1,1.0,11,11.0,1.0,0.0,1,10.0,0.0,11.0,10.0,0.0,11.0,8,1.0,0.0,8,10.0,0.0,10,10,10.125,1.1259916264596033,10.0,0.0,0.125,1.1259916264596033,0,1,1.0,1.0,0.47036873878251906,0.0,0.125,11.0,0.0,1.0,1.0,0,0,1
6,Miami Grand Prix,Miami,2025-05-04,Pierre Gasly,GAS,Alpine,10,10,1,Finished,47,2:30:58,1.0,10,0,96,0,1,1.0,11,11.0,1.0,0.0,1,10.0,0.0,10.0,10.0,0.0,11.0,8,1.0,0.0,8,10.0,0.0,10,10,10.125,1.1259916264596033,10.0,0.0,0.125,1.1259916264596033,0,1,1.0,1.0,0.47036873878251906,0.0,0.125,11.0,0.0,1.0,1.0,0,0,1
7,Emilia Romagna Grand Prix,Emilia Romagna,2025-05-18,Pierre Gasly,GAS,Alpine,11,10,1,Finished,49,2:30:13,0.0,10,1,96,0,1,1.0,11,11.0,1.0,0.0,1,10.0,0.0,11.0,10.0,0.0,11.0,8,1.0,0.0,8,10.0,0.0,10,10,10.125,1.1259916264596033,10.0,0.0,0.125,1.1259916264596033,0,1,1.0,1.0,0.47036873878251906,0.0,0.125,11.0,0.0,1.0,1.0,0,0,1
8,Monaco Grand Prix,Monaco,2025-05-25,Pierre Gasly,GAS,Alpine,8,10,1,Finished,54,2:30:04,0.0,10,-2,96,0,1,1.0,11,11.0,1.0,0.0,1,10.0,0.0,8.0,10.0,0.0,11.0,8,1.0,0.0,8,10.0,0.0,10,10,10.125,1.1259916264596033,10.0,0.0,0.125,1.1259916264596033,0,1,1.0,1.0,0.47036873878251906,0.0,0.125,11.0,0.0,1.0,1.0,0,0,1
1,Bahrain Grand Prix,Bahrain,2025-03-02,Valtteri Bottas,BOT,Kick Sauber,13,12,0,Finished,51,2:32:23,0.0,12,1,84,0,1,0.0,9,9.0,0.0,0.0,1,12.0,0.0,13.0,12.0,0.0,9.0,8,0.0,0.0,0,12.0,0.0,12,12,12.5,1.1952286093343936,12.0,0.0,0.5,1.1952286093343936,0,1,1.0,1.0,0.4555334217802518,0.0,0.125,0.0,0.0,-3.0,1.0,0,0,0
2,Saudi Arabian Grand Prix,Saudi Arabian,2025-03-09,Valtteri Bottas,BOT,Kick Sauber,13,12,0,Finished,47,2:32:42,0.0,12,1,84,0,1,0.0,9,9.0,0.0,0.0,1,12.0,0.0,13.0,12.0,0.0,9.0,8,0.0,0.0,0,12.0,0.0,12,12,12.5,1.1952286093343936,12.0,0.0,0.5,1.1952286093343936,0,1,1.0,1.0,0.4555334217802518,0.0,0.125,0.0,0.0,-3.0,1.0,0,0,0
3,Australian Grand Prix,Australian,2025-03-23,Valtteri Bottas,BOT,Kick Sauber,13,12,0,Finished,45,2:32:55,0.0,12,1,84,0,1,0.0,9,9.0,0.0,0.0,1,12.0,0.0,13.0,12.0,0.0,9.0,8,0.0,0.0,0,12.0,0.0,12,12,12.5,1.1952286093343936,12.0,0.0,0.5,1.1952286093343936,0,1,1.0,1.0,0.4555334217802518,0.0,0.125,0.0,0.0,-3.0,1.0,0,0,0
4,Japanese Grand Prix,Japanese,2025-04-06,Valtteri Bottas,BOT,Kick Sauber,12,12,0,Finished,50,2:32:27,0.0,12,0,84,0,1,0.0,9,9.0,0.0,0.0,1,12.0,0.0,12.0,12.0,0.0,9.0,8,0.0,0.0,0,12.0,0.0,12,12,12.5,1.1952286093343936,12.0,0.0,0.5,1.1952286093343936,0,1,1.0,1.0,0.4555334217802518,0.0,0.125,0.0,0.0,-3.0,1.0,0,0,0
5,Chinese Grand Prix,Chinese,2025-04-20,Valtteri Bottas,BOT,Kick Sauber,14,12,0,Finished,45,2:32:28,0.0,12,2,84,0,1,0.0,9,9.0,0.0,0.0,1,12.0,0.0,14.0,12.0,0.0,9.0,8,0.0,0.0,0,12.0,0.0,12,12,12.5,1.1952286093343936,12.0,0.0,0.5,1.1952286093343936,0,1,1.0,1.0,0.4555334217802518,0.0,0.125,0.0,0.0,-3.0,1.0,0,0,0
6,Miami Grand Prix,Miami,2025-05-04,Valtteri Bottas,BOT,Kick Sauber,10,12,0,Finished,52,2:32:59,0.0,12,-2,84,0,1,0.0,9,9.0,0.0,0.0,1,12.0,0.0,10.0,12.0,0.0,9.0,8,0.0,0.0,0,12.0,0.0,12,12,12.5,1.1952286093343936,12.0,0.0,0.5,1.1952286093343936,0,1,1.0,1.0,0.4555334217802518,0.0,0.125,0.0,0.0,-3.0,1.0,0,0,0
7,Emilia Romagna Grand Prix,Emilia Romagna,2025-05-18,Valtteri Bottas,BOT,Kick Sauber,12,12,0,Finished,49,2:32:00,0.0,12,0,84,0,1,0.0,9,9.0,0.0,0.0,1,12.0,0.0,12.0,12.0,0.0,9.0,8,0.0,0.0,0,12.0,0.0,12,12,12.5,1.1952286093343936,12.0,0.0,0.5,1.1952286093343936,0,1,1.0,1.0,0.4555334217802518,0.0,0.125,0.0,0.0,-3.0,1.0,0,0,0
8,Monaco Grand Prix,Monaco,2025-05-25,Valtteri Bottas,BOT,Kick Sauber,13,12,0,Finished,48,2:32:30,0.0,12,1,84,0,1,0.0,9,9.0,0.0,0.0,1,12.0,0.0,13.0,12.0,0.0,9.0,8,0.0,0.0,0,12.0,0.0,12,12,12.5,1.1952286093343936,12.0,0.0,0.5,1.1952286093343936,0,1,1.0,1.0,0.4555334217802518,0.0,0.125,0.0,0.0,-3.0,1.0,0,0,0
1,Bahrain Grand Prix,Bahrain,2025-03-02,Yuki Tsunoda,TSU,Racing Bulls,18,16,0,Finished,48,2:36:56,0.0,16,2,60,0,1,0.0,5,5.0,0.0,0.0,1,16.0,0.0,18.0,16.0,0.0,5.0,8,0.0,0.0,0,16.0,0.0,16,16,16.625,1.1877349391654206,16.0,0.0,0.625,1.1877349391654208,0,1,1.0,1.0,0.45709376492450265,0.0,0.125,0.0,0.0,-11.0,1.0,0,0,0
2,Saudi Arabian Grand Prix,Saudi Arabian,2025-03-09,Yuki Tsunoda,TSU,Racing Bulls,17,16,0,Finished,52,2:36:30,0.0,16,1,60,0,1,0.0,5,5.0,0.0,0.0,1,16.0,0.0,17.0,16.0,0.0,5.0,8,0.0,0.0,0,16.0,0.0,16,16,16.625,1.1877349391654206,16.0,0.0,0.625,1.1877349391654208,0,1,1.0,1.0,0.45709376492450265,0.0,0.125,0.0,0.0,-11.0,1.0,0,0,0
3,Australian Grand Prix,Australian,2025-03-23,Yuki Tsunoda,TSU,Racing Bulls,17,16,0,Finished,47,2:36:58,0.0,16,1,60,0,1,0.0,5,5.0,0.0,0.0,1,16.0,0.0,17.0,16.0,0.0,5.0,8,0.0,0.0,0,16.0,0.0,16,16,16.625,1.1877349391654206,16.0,0.0,0.625,1.1877349391654208,0,1,1.0,1.0,0.45709376492450265,0.0,0.125,0.0,0.0,-11.0,1.0,0,0,0
4,Japanese Grand Prix,Japanese,2025-04-06,Yuki Tsunoda,TSU,Racing Bulls,18,16,0,Finished,53,2:36:08,0.0,16,2,60,0,1,0.0,5,5.0,0.0,0.0,1,16.0,0.0,18.0,16.0,0.0,5.0,8,0.0,0.0,0,16.0,0.0,16,16,16.625,1.1877349391654206,16.0,0.0,0.625,1.1877349391654208,0,1,1.0,1.0,0.45709376492450265,0.0,0.125,0.0,0.0,-11.0,1.0,0,0,0
5,Chinese Grand Prix,Chinese,2025-04-20,Yuki Tsunoda,TSU,Racing Bulls,16,16,0,Finished,48,2:36:27,0.0,16,0,60,0,1,0.0,5,5.0,0.0,0.0,1,16.0,0.0,16.0,16.0,0.0,5.0,8,0.0,0.0,0,16.0,0.0,16,16,16.625,1.1877349391654206,16.0,0.0,0.625,1.1877349391654208,0,1,1.0,1.0,0.45709376492450265,0.0,0.125,0.0,0.0,-11.0,1.0,0,0,0
6,Miami Grand Prix,Miami,2025-05-04,Yuki Tsunoda,TSU,Racing Bulls,15,16,0,Finished,48,2:36:19,1.0,16,-1,60,0,1,0.0,5,5.0,0.0,0.0,1,16.0,0.0,15.0,16.0,0.0,5.0,8,0.0,0.0,0,16.0,0.0,16,16,16.625,1.1877349391654206,16.0,0.0,0.625,1.1877349391654208,0,1,1.0,1.0,0.45709376492450265,0.0,0.125,0.0,0.0,-11.0,1.0,0,0,0
7,Emilia Romagna Grand Prix,Emilia Romagna,2025-05-18,Yuki Tsunoda,TSU,Racing Bulls,17,16,0,Finished,50,2:36:21,1.0,16,1,60,0,1,0.0,5,5.0,0.0,0.0,1,16.0,0.0,17.0,16.0,0.0,5.0,8,0.0,0.0,0,16.0,0.0,16,16,16.625,1.1877349391654206,16.0,0.0,0.625,1.1877349391654208,0,1,1.0,1.0,0.45709376492450265,0.0,0.125,0.0,0.0,-11.0,1.0,0,0,0
8,Monaco Grand Prix,Monaco,2025-05-25,Yuki Tsunoda,TSU,Racing Bulls,15,16,0,Finished,45,2:36:47,0.0,16,-1,60,0,1,0.0,5,5.0,0.0,0.0,1,16.0,0.0,15.0,16.0,0.0,5.0,8,0.0,0.0,0,16.0,0.0,16,16,16.625,1.1877349391654206,16.0,0.0,0.625,1.1877349391654208,0,1,1.0,1.0,0.45709376492450265,0.0,0.125,0.0,0.0,-11.0,1.0,0,0,0
1,Bahrain Grand Prix,Bahrain,2025-03-02,Zhou Guanyu,GUA,Kick Sauber,14,13,0,Finished,49,2:33:03,1.0,13,1,78,0,1,0.0,8,8.0,0.0,0.0,1,13.0,0.0,14.0,13.0,0.0,8.0,8,0.0,0.0,0,13.0,0.0,13,13,13.125,1.3562026818605373,13.0,0.0,0.125,1.3562026818605375,0,1,1.0,1.0,0.4244117060465979,0.0,0.125,0.0,0.0,-5.0,1.0,0,0,0
2,Saudi Arabian Grand Prix,Saudi Arabian,2025-03-09,Zhou Guanyu,GUA,Kick Sauber,12,13,0,Finished,55,2:33:00,1.0,13,-1,78,0,1,0.0,8,8.0,0.0,0.0,1,13.0,0.0,12.0,13.0,0.0,8.0,8,0.0,0.0,0,13.0,0.0,13,13,13.125,1.3562026818605373,13.0,0.0,0.125,1.3562026818605375,0,1,1.0,1.0,0.4244117060465979,0.0,0.125,0.0,0.0,-5.0,1.0,0,0,0
3,Australian Grand Prix,Australian,2025-03-23,Zhou Guanyu,GUA,Kick Sauber,13,13,0,Finished,45,2:33:30,0.0,13,0,78,0,1,0.0,8,8.0,0.0,0.0,1,13.0,0.0,13.0,13.0,0.0,8.0,8,0.0,0.0,0,13.0,0.0,13,13,13.125,1.3562026818605373,13.0,0.0,0.125,1.3562026818605375,0,1,1.0,1.0,0.4244117060465979,0.0,0.125,0.0,0.0,-5.0,1.0,0,0,0
4,Japanese Grand Prix,Japanese,2025-04-06,Zhou Guanyu,GUA,Kick Sauber,14,13,0,Finished,48,2:33:35,0.0,13,1,78,0,1,0.0,8,8.0,0.0,0.0,1,13.0,0.0,14.0,13.0,0.0,8.0,8,0.0,0.0,0,13.0,0.0,13,13,13.125,1.3562026818605373,13.0,0.0,0.125,1.3562026818605375,0,1,1.0,1.0,0.4244117060465979,0.0,0.125,0.0,0.0,-5.0,1.0,0,0,0
5,Chinese Grand Prix,Chinese,2025-04-20,Zhou Guanyu,GUA,Kick Sauber,15,13,0,Finished,46,2:33:06,0.0,13,2,78,0,1,0.0,8,8.0,0.0,0.0,1,13.0,0.0,15.0,13.0,0.0,8.0,8,0.0,0.0,0,13.0,0.0,13,13,13.125,1.3562026818605373,13.0,0.0,0.125,1.3562026818605375,0,1,1.0,1.0,0.4244117060465979,0.0,0.125,0.0,0.0,-5.0,1.0,0,0,0
6,Miami Grand Prix,Miami,2025-05-04,Zhou Guanyu,GUA,Kick Sauber,12,13,0,Finished,52,2:33:54,0.0,13,-1,78,0,1,0.0,8,8.0,0.0,0.0,1,13.0,0.0,12.0,13.0,0.0,8.0,8,0.0,0.0,0,13.0,0.0,13,13,13.125,1.3562026818605373,13.0,0.0,0.125,1.3562026818605375,0,1,1.0,1.0,0.4244117060465979,0.0,0.125,0.0,0.0,-5.0,1.0,0,0,0
7,Emilia Romagna Grand Prix,Emilia Romagna,2025-05-18,Zhou Guanyu,GUA,Kick Sauber,11,13,0,Finished,50,2:33:51,0.0,13,-2,78,0,1,0.0,8,8.0,0.0,0.0,1,13.0,0.0,11.0,13.0,0.0,8.0,8,0.0,0.0,0,13.0,0.0,13,13,13.125,1.3562026818605373,13.0,0.0,0.125,1.3562026818605375,0,1,1.0,1.0,0.4244117060465979,0.0,0.125,0.0,0.0,-5.0,1.0,0,0,0
8,Monaco Grand Prix,Monaco,2025-05-25,Zhou Guanyu,GUA,Kick Sauber,14,13,0,Finished,54,2:33:41,0.0,13,1,78,0,1,0.0,8,8.0,0.0,0.0,1,13.0,0.0,14.0,13.0,0.0,8.0,8,0.0,0.0,0,13.0,0.0,13,13,13.125,1.3562026818605373,13.0,0.0,0.125,1.3562026818605375,0,1,1.0,1.0,0.4244117060465979,0.0,0.125,0.0,0.0,-5.0,1.0,0,0,0
